{
	"Version": 3,
	"Parameters": [
		{
			"Id": "ParamAngleX",
			"GroupId": "ParamGroupFace",
			"Name": "Angle X"
		},
		{
			"Id": "ParamAngleY",
			"GroupId": "ParamGroupFace",
			"Name": "Angle Y"
		},
		{
			"Id": "ParamAngleZ",
			"GroupId": "ParamGroupFace",
			"Name": "Angle Z"
		},
		{
			"Id": "ParamCheek",
			"GroupId": "ParamGroupFace",
			"Name": "Flush"
		},
		{
			"Id": "ParamEyeLOpen",
			"GroupId": "ParamGroupEyes",
			"Name": "Eye L Open"
		},
		{
			"Id": "ParamEyeLSmile",
			"GroupId": "ParamGroupEyes",
			"Name": "Eye L Smile"
		},
		{
			"Id": "ParamEyeROpen",
			"GroupId": "ParamGroupEyes",
			"Name": "Eye R Open"
		},
		{
			"Id": "ParamEyeRSmile",
			"GroupId": "ParamGroupEyes",
			"Name": "Eye R Smile"
		},
		{
			"Id": "ParamEyeBallX",
			"GroupId": "ParamGroupEyeballs",
			"Name": "Eyeball X"
		},
		{
			"Id": "ParamEyeBallY",
			"GroupId": "ParamGroupEyeballs",
			"Name": "Eyeball Y"
		},
		{
			"Id": "ParamBrowLForm",
			"GroupId": "ParamGroupBrows",
			"Name": "Brow L Form"
		},
		{
			"Id": "ParamBrowRForm",
			"GroupId": "ParamGroupBrows",
			"Name": "Brow R Form"
		},
		{
			"Id": "ParamMouthForm",
			"GroupId": "ParamGroupMouth",
			"Name": "Mouth Form"
		},
		{
			"Id": "ParamMouthOpenY",
			"GroupId": "ParamGroupMouth",
			"Name": "Mouth Open"
		},
		{
			"Id": "ParamBodyAngleX",
			"GroupId": "ParamGroupBody",
			"Name": "Body X"
		},
		{
			"Id": "ParamBodyAngleY",
			"GroupId": "ParamGroupBody",
			"Name": "Body Y"
		},
		{
			"Id": "ParamBodyAngleZ",
			"GroupId": "ParamGroupBody",
			"Name": "Body Z"
		},
		{
			"Id": "ParamBreath",
			"GroupId": "ParamGroupBody",
			"Name": "Breath"
		},
		{
			"Id": "ParamArmLA",
			"GroupId": "ParamGroupArms",
			"Name": "Arm L A"
		},
		{
			"Id": "ParamArmRA",
			"GroupId": "ParamGroupArms",
			"Name": "Arm R A"
		},
		{
			"Id": "ParamBustY",
			"GroupId": "ParamGroupSway",
			"Name": "Bust Bounce"
		},
		{
			"Id": "ParamHairAhoge",
			"GroupId": "ParamGroupSway",
			"Name": "Hair Move Ahoge"
		},
		{
			"Id": "ParamHairFront",
			"GroupId": "ParamGroupSway",
			"Name": "Hair Move Front"
		},
		{
			"Id": "ParamHairSide",
			"GroupId": "ParamGroupSway",
			"Name": "Hair Move Side"
		},
		{
			"Id": "ParamHairBack",
			"GroupId": "ParamGroupSway",
			"Name": "Hair Move Back"
		},
		{
			"Id": "ParamHairSideUp",
			"GroupId": "ParamGroupSway",
			"Name": "Move Side Up"
		},
		{
			"Id": "ParamRibbon",
			"GroupId": "ParamGroupSway",
			"Name": "Move Butterfly Tie"
		},
		{
			"Id": "ParamSkirt",
			"GroupId": "ParamGroupSway",
			"Name": "Move Skirt"
		},
		{
			"Id": "ParamSideUpRibbon",
			"GroupId": "ParamGroupSway",
			"Name": "Move Side Up Ribbon"
		}
	],
	"ParameterGroups": [
		{
			"Id": "ParamGroupFace",
			"GroupId": "",
			"Name": "Face"
		},
		{
			"Id": "ParamGroupEyes",
			"GroupId": "",
			"Name": "Eye"
		},
		{
			"Id": "ParamGroupEyeballs",
			"GroupId": "",
			"Name": "Eyeball"
		},
		{
			"Id": "ParamGroupBrows",
			"GroupId": "",
			"Name": "Brow"
		},
		{
			"Id": "ParamGroupMouth",
			"GroupId": "",
			"Name": "Mouth"
		},
		{
			"Id": "ParamGroupBody",
			"GroupId": "",
			"Name": "Body"
		},
		{
			"Id": "ParamGroupArms",
			"GroupId": "",
			"Name": "Arm"
		},
		{
			"Id": "ParamGroupSway",
			"GroupId": "",
			"Name": "Move"
		}
	],
	"Parts": [
		{
			"Id": "PartCore",
			"Name": "Core"
		},
		{
			"Id": "PartCheek",
			"Name": "Cheek"
		},
		{
			"Id": "PartBrow",
			"Name": "Brow"
		},
		{
			"Id": "PartEye",
			"Name": "Eye"
		},
		{
			"Id": "PartNose",
			"Name": "Nose"
		},
		{
			"Id": "PartMouth",
			"Name": "Mouth"
		},
		{
			"Id": "PartFace",
			"Name": "Face"
		},
		{
			"Id": "PartEar",
			"Name": "Ear"
		},
		{
			"Id": "PartHairSide",
			"Name": "Hair Side"
		},
		{
			"Id": "PartHairFront",
			"Name": "Front Hair"
		},
		{
			"Id": "PartHairBack",
			"Name": "Back Hair"
		},
		{
			"Id": "PartNeck",
			"Name": "Neck"
		},
		{
			"Id": "PartBody",
			"Name": "Body"
		},
		{
			"Id": "PartArmA",
			"Name": "Arm A"
		},
		{
			"Id": "PartBackground",
			"Name": "Background"
		},
		{
			"Id": "PartSketch",
			"Name": "[Guide Image]"
		},
		{
			"Id": "PartEyeBall",
			"Name": "Eyeball"
		}
	],
	"CombinedParameters": [
		[
			"ParamAngleX",
			"ParamAngleY"
		],
		[
			"ParamEyeBallX",
			"ParamEyeBallY"
		],
		[
			"ParamMouthForm",
			"ParamMouthOpenY"
		]
	]
}